MaleName,FemaleName,Surname
Hu,Brianna,Erickson
Matthew,Irene,Le
Jordan,Marah,Allen
Chancellor,Wilma,Reese
Declan,Sylvia,Hendricks
Moses,Kirestin,Page
Thomas,Rebecca,Davenport
Lamar,Wynter,Stuart
Dennis,Lila,Baldwin
Tyler,Brianna,Wong
Cain,Meredith,Moreno
Travis,Gretchen,Heath
Octavius,Dorothy,Barrera
Jared,Kelsie,Johnston
Marshall,Cleo,Adkins
Oren,Colleen,Mcdaniel
Jerome,Yvonne,Shelton
Quamar,Ella,Jensen
Scott,Janna,Rojas
Theodore,Illana,Cunningham
Edan,Vanna,Hogan
Maxwell,Christine,Mejia
Aidan,Raven,Richardson
Howard,Germane,Mccoy
Nasim,Christen,Valenzuela
Allen,Victoria,Hall
Cedric,Nichole,Farrell
Nathaniel,Lacota,Joyce
Kamal,Quincy,Ayala
Leo,Irene,Chandler
Camden,Skyler,Tucker
Zeph,Meredith,Nash
Baker,Joelle,Hyde
Colby,Quail,Wallace
Samson,Stella,Peck
Uriah,Ivory,Baird
Russell,Savannah,Duncan
Omar,Sylvia,Cummings
Barclay,Kirsten,Warren
Colorado,Virginia,Hoover
Gary,Stella,Chaney
Kuame,Jada,Cain
Alan,Cameran,Acosta
Lester,Kameko,Walker
Zahir,Natalie,Walters
Ronan,Madaline,Gallegos
Sylvester,Quemby,Santiago
Zachery,Xerxes,Melendez
Rudyard,Giselle,Compton
Vaughan,Martha,Whitfield
Tyler,Mercedes,Marks
Ulric,Dahlia,Porter
Basil,Denise,Mathews
Basil,Ariel,Brady
Robert,Alice,Mitchell
John,Sopoline,Henderson
Valentine,Barbara,Kramer
Tyler,Chanda,Sweeney
Tanner,Allegra,Robinson
Murphy,Mollie,Ferrell
Jacob,Rosalyn,Le
Fitzgerald,Halla,Dickson
Hilel,Dominique,Richard
Driscoll,Lynn,Riley
Allistair,Octavia,Guerra
Lester,Geraldine,Carney
Neville,Patricia,Ward
Jason,Leandra,Owen
Driscoll,Ifeoma,Webster
Boris,Britanni,Oconnor
Igor,Dana,Dunlap
Benedict,Karina,Doyle
Hoyt,Fallon,Morrow
Colorado,Dominique,Cohen
Ahmed,Shellie,Long
Xanthus,Jessica,Hardy
Hamish,Yoko,Valencia
Wylie,Julie,Benson
Kibo,Carissa,Conley
Keegan,Juliet,Newton
Declan,Madonna,Tran
Abel,Stacy,Fisher
Sawyer,Stephanie,Sloan
Amery,Zenia,Ball
Aristotle,Wilma,Harrison
Kareem,Jordan,Sellers
Buckminster,Courtney,Owen
Giacomo,Ulla,Gould
Dillon,Eugenia,Briggs
Carl,Alisa,Hancock
Maxwell,Breanna,Rowland
Russell,Lesley,Rowe
Colin,Odessa,Hebert
Lester,Madeline,White
Chandler,Shelley,Boyer
Jakeem,Harriet,Delacruz
Dalton,Emi,Hunt
Warren,Veronica,Stanton
Dante,Ivana,Zimmerman
Hakeem,Xaviera,Woodard
Xavier,Alice,Holcomb
Caesar,Yvette,Santiago
Bert,Patience,Park
Nathan,Tatyana,Edwards
Quamar,Imelda,Mejia
Tarik,Hollee,Cardenas
Beck,Odette,Noble
Xander,Nicole,Kirkland
Justin,Selma,Silva
Aaron,Desirae,Bowen
Zachery,Latifah,Lowery
Vaughan,Maxine,Cross
Anthony,Lesley,Mcneil
Wing,Veda,Macdonald
Joel,Yoko,Pitts
Ronan,Lila,Schmidt
Rafael,Indira,Small
Oren,Shelley,Lester
Dale,Shannon,Snider
Dylan,Ayanna,Serrano
Brett,Ciara,Levine
Samson,Yoko,Delgado
Kirk,Nora,Hess
Jason,Bryar,Maxwell
Adam,Erica,Goodwin
Solomon,Lenore,Mccall
Jarrod,Kylee,English
Tobias,Ursa,Dixon
Malcolm,Athena,Banks
Hamilton,Avye,Chan
Bert,Blossom,Carson
Upton,Amena,Frye
Aristotle,Charity,Burke
Acton,Hyacinth,Mayer
Graiden,Kiayada,Bray
Hakeem,Hillary,Benson
Paul,Hiroko,Mclaughlin
Alfonso,Hilary,Patel
Wing,Kylan,Bennett
Trevor,Karyn,Gallegos
Kamal,Isabelle,Kirk
Eric,Cailin,Lyons
Jarrod,Naomi,Koch
Ferris,Sylvia,Cleveland
Denton,Ayanna,Rasmussen
Lionel,Emma,Finch
Conan,Mercedes,Stevens
Stone,Haviva,Hopper
Salvador,Ramona,Molina
Joseph,Ila,Wilkerson
Hop,Martha,Nash
Kasper,Laurel,Ratliff
Ronan,Taylor,Walker
Dolan,Holly,Howell
Berk,Victoria,Head
Quinlan,Sierra,Collins
Alvin,Holly,Ayers
Derek,Karyn,Merrill
Nigel,Colette,Avery
Harlan,Jocelyn,Sosa
Dane,Cameron,Valentine
Eaton,Ariana,Cox
Plato,Darryl,Case
Roth,Delilah,Sullivan
Allistair,Colleen,Aguirre
Colt,Giselle,Collier
Grady,Mariko,Riley
Nicholas,Kelsie,Jackson
Ralph,Rina,Talley
Jerome,Ora,Thomas
Odysseus,Gretchen,Pittman
Slade,Leila,Ayala
Julian,Pandora,Howell
Jameson,Aimee,Maynard
Axel,Aurora,Strickland
Tate,Dominique,Shaw
Leo,Dara,Frost
Magee,Nicole,Vaughan
Mark,Yuri,Phillips
Jonah,Latifah,Boyer
Lester,Fallon,Conrad
Holmes,Germane,Sweet
Kamal,MacKenzie,Forbes
Gage,Minerva,Fry
Wylie,Nina,Curry
Samson,Summer,Benjamin
Samson,Yvonne,Cochran
Evan,Mercedes,Harvey
Murphy,Breanna,Flowers
Steven,Noelle,Finch
Branden,Kyra,Ferrell
Clarke,Karleigh,Montgomery
Avram,Nita,Floyd
Fuller,Hedwig,Greer
Price,Audra,Holder
Hall,Unity,Bullock
Cade,Autumn,Blackwell
Jesse,Sara,Rasmussen
Garrison,Adrienne,Cervantes
Callum,Sarah,Dudley